C17115314;SC1;1
C17115770;SC1;1
C17008070;SC1;1
C16803628;SC1;1
C16828548;SC1;1
C17129456;SC1;1
C17116392;SC1;1
C17113404;SC1;1
C16802170;SC1;1
C16825022;SC1;1
C17114822;SC1;1
C16801234;SC1;1
C17115214;SC1;1
C17136700;SC1;1
C17123110;SC1;1
C16802542;SC1;1
C17026320;SC1;1
C17019340;SC1;1
C17115190;SC1;1
C16836202;SC1;1
C17116196;SC1;1
C17130514;SC1;1
C16845502;SC2;1
C17135060;SC2;1
C17138984;0;1
C16708422;SC2;1
C16848736;SC2;1
C16823418;SC3;1
C17017394;SC2;1
C17136130;SC1;1
C17132926;SC2;1
C16806084;SC6;1
C17138334;SC1;1
C17134042;SC1;1
C17130886;SC2;1
C16804518;SC2;1
C16803782;SC6;1
C16811026;SC2;1
C16809448;SC6;1
C17136318;SC2;1
C17137650;SC1;1
C17068852;SC2;1
C16802034;SC4;1
C17131634;SC1;1
C17125410;SC1;1
C16849130;SC6;1
C17117388;SC1;1
C16809734;SC1;1
C17026822;SC2;1
C17136248;SC2;1
C16803138;SC2;1
C16849246;SC1;1
C17000396;SC2;1
C16814406;SC2;1
C16802882;SC6;1
C17137066;SC3;1
C16812900;SC2;1
C16832630;SC2;1
C16760522;SC2;1
C16800994;SC2;1
C17136870;SC2;1
C16826958;SC2;1
C16816242;SC5;1
C16804116;SC2;1
C17023778;SC2;1
C16838302;SC2;1
C17079442;SC1;1
C16735982;SC1;1
C16736364;SC2;1
C16711472;SC2;1
C17003888;SC2;1
C16742328;SC2;1
C17026164;SC2;1
C16802304;SC1;1
C17117156;SC2;1
C16825630;SC2;1
C17100972;SC3;1
C16729340;SC2;1
C17139782;0;1
C17026432;SC2;1
C16803304;SC3;1
C17025014;SC1;1
C17001172;SC2;1
C17133040;SC3;1
C16728360;SC2;1
C16737032;SC2;1
C17138962;SC2;1
C16802168;SC2;1
C16737264;SC2;1
C16800228;SC2;1
C17134978;SC2;1
C17122712;SC2;1
C16815862;SC2;1
C17108770;SC2;1
C17137118;SC2;1
C17005572;SC2;1
C16737458;SC2;1
C17139206;SC6;1
C16844756;SC2;1
C17023020;SC2;1
C17120500;SC2;1
C17134352;SC2;1
C17114640;SC2;1
C16836798;SC2;1
C17107846;SC2;1
C17025756;SC2;1
C16805506;SC2;1
C17139276;0;1
C16837908;SC2;1
C16809670;SC1;1
C16828770;SC2;1
C16708764;SC2;1
C16740868;SC2;1
C16803234;SC4;1
C16807022;SC2;1
C16815322;SC2;1
C16713716;SC2;1
C17137278;SC2;1
C17010854;SC2;1
C17022702;SC2;1
C16839188;SC2;1
C16707182;SC2;1
C16819976;SC2;1
C17069716;SC2;1
C16808254;SC2;1
C16816418;SC3;1
C16741444;SC2;1
C17118626;SC3;1
C17137700;SC3;1
C16732140;SC2;1
C17131074;SC1;1
C16838194;SC2;1
C17135312;SC6;1
C17025832;SC2;1
C17039682;SC2;1
C16742176;SC2;1
C16805260;SC2;1
C16815506;SC2;1
C17138378;SC6;1
C17026364;SC6;1
C17031804;SC1;1
C16801942;SC2;1
C16706882;SC2;1
C17117406;SC3;1
C16760548;SC2;1
C17122092;SC2;1
C17127266;SC4;1
C17127140;SC1;1
C16812246;SC2;1
C16724106;SC2;1
C17124124;SC6;1
C16761076;SC2;1
C17138326;SC1;1
C17132216;SC3;1
C16800052;SC2;1
C16800374;SC2;1
C16849792;SC2;1
C16803752;SC2;1
C17130608;SC2;1
C17123646;SC2;1
C16808950;SC2;1
C16838616;SC2;1
C17138688;0;1
C16836842;SC6;1
C16810908;SC2;1
C17045432;SC2;1
C16805076;SC2;1
C17022030;SC2;1
C16746166;SC2;1
C17123908;SC2;1
C16824100;SC2;1
C16740840;SC2;1
C17118418;SC2;1
C16805278;SC2;1
C16803238;SC2;1
C17137868;SC3;1
C16832242;SC2;1
C17121946;SC2;1
C17137760;SC3;1
C17008100;SC1;1
C17013124;SC2;1
C17030576;SC2;1
C17138118;SC6;1
C16839836;SC6;1
C17100640;SC2;1
C17067620;SC2;1
C17139778;0;1
C17137280;SC1;1
C17138814;SC1;1
C17026436;SC2;1
C16802302;SC2;1
C17138066;SC6;1
C16744140;SC2;1
C17013652;SC2;1
C17007752;SC3;1
C16824370;SC2;1
C17026530;SC2;1
C17127666;SC4;1
C16826288;SC2;1
C17022128;SC2;1
C17125274;SC2;1
C17008404;SC2;1
C17120288;SC3;1
C17130036;SC2;1
C16828962;SC2;1
C17134418;SC2;1
C16826448;SC2;1
C16800500;SC2;1
C17013444;SC2;1
C17005894;SC2;1
C17129216;SC2;1
C16804438;SC2;1
C16739046;SC2;1
C17138970;SC6;1
C16805224;SC2;1
C17134210;SC1;1
C17132754;SC2;1
C16846416;SC2;1
C17105846;SC2;1
C16803380;SC2;1
C17117726;SC2;1
C17101624;SC2;1
C17113038;SC2;1
C16839374;SC6;1
C16801532;SC2;1
C17090766;SC1;1
C17014360;SC1;1
C17031490;SC2;1
C16733340;SC2;1
C16801392;SC2;1
C17115232;SC1;1
C16813178;SC2;1
C16833832;SC2;1
C17091136;SC2;1
C16824836;SC1;1
C16800852;SC2;1
C16824998;SC2;1
C16825070;SC2;1
C16735078;SC1;1
C17127440;SC2;1
C17138330;SC1;1
C16821472;SC2;1
C17107340;SC2;1
C17137242;SC6;1
C17139780;0;1
C16836036;SC2;1
C17122758;SC1;1
C17000344;SC2;1
C17005988;SC6;1
C17122680;SC6;1
C17043116;SC6;1
C17139064;0;1
C17137466;SC6;1
C16847624;SC2;1
C17027374;SC2;1
C17025350;SC2;1
C17139468;0;1
C16811800;SC6;1
C16818906;SC3;1
C16737990;SC2;1
C17106896;SC2;1
C16842300;SC2;1
C17127466;SC1;1
C17139240;SC3;1
C17105806;SC3;1
C17108478;SC2;1
C17130264;SC2;1
C17130926;SC2;1
C17007870;SC2;1
C16817188;SC2;1
C17128036;SC4;1
C16811222;SC2;1
C16826346;SC2;1
C17137740;SC3;1
C16809690;SC2;1
C16808882;SC3;1
C16802840;SC2;1
C16801122;SC2;1
C17132018;SC6;1
C17136662;SC6;1
C16820910;SC2;1
C17025954;SC2;1
C17079514;SC2;1
C16802108;SC2;1
C17117312;SC2;1
C17028714;SC2;1
C16829490;SC2;1
C16828540;SC6;1
C16803220;SC2;1
C17114932;SC1;1
C17132050;SC2;1
C16801820;SC2;1
C16826008;SC3;1
C16733706;SC3;1
C17138968;SC2;1
C16760502;SC2;1
C16837576;SC1;1
C17026358;SC2;1
C17093640;SC2;1
C16728034;SC2;1
C17050492;SC2;1
C16822598;SC2;1
C17039392;SC2;1
C17084058;SC2;1
C16817458;SC2;1
C17086836;SC6;1
C16732314;SC2;1
C17036650;SC2;1
C17129402;SC1;1
C17021376;SC2;1
C16847610;SC2;1
C17117310;SC1;1
C17022728;SC2;1
C16848172;SC2;1
C16829750;SC2;1
C17001748;SC2;1
C16810344;SC1;1
C16804024;SC2;1
C17093654;SC3;1
C17109230;SC2;1
C17035250;SC2;1
C17000340;SC2;1
C17045824;SC2;1
C16801962;SC2;1
C17117700;SC2;1
C17089034;SC2;1
C17026474;SC2;1
C17132142;SC2;1
C17002700;SC2;1
C16734806;SC2;1
C17129676;SC2;1
C17039120;SC2;1
C17135032;SC2;1
C17021382;SC1;1
C17130218;SC2;1
C16760694;SC2;1
C17044362;SC1;1
C16807056;SC2;1
C16838516;SC2;1
C16820510;SC2;1
C16814080;SC2;1
C17116612;SC2;1
C17134956;SC3;1
C17131980;SC2;1
C16803668;SC2;1
C17139238;SC2;1
C17121288;SC2;1
C16837218;SC2;1
C17136844;SC6;1
C17033882;SC1;1
C17106514;SC1;1
C17009356;SC2;1
C16738628;SC2;1
C16802750;SC1;1
C17114772;SC2;1
C16831548;SC1;1
C17133216;SC1;1
C16800982;SC2;1
C17041802;SC2;1
C17030622;SC2;1
C16728744;SC2;1
C17003438;SC2;1
C16821760;SC2;1
C17025284;SC2;1
C17128090;SC2;1
C16726100;SC2;1
C16829846;SC2;1
C16802578;SC2;1
C17122412;SC1;1
C16812296;SC1;1
C17134506;SC2;1
C17089102;SC2;1
C17005368;SC2;1
C17110770;SC2;1
C17046264;SC2;1
C17034920;SC2;1
C16736276;SC2;1
C17129650;SC1;1
C16800844;SC2;1
C16702708;SC2;1
C16843236;SC2;1
C17068606;SC2;1
C17120818;SC1;1
C16805254;SC1;1
C17137996;SC2;1
C17113438;SC1;1
C17098064;SC1;1
C16809104;SC2;1
C17029816;SC2;1
C16815980;SC2;1
C17115262;SC1;1
C16834456;SC2;1
C16839830;SC1;1
C16804620;SC2;1
C17030498;SC2;1
C17107022;SC2;1
C17025854;SC2;1
C16741228;SC2;1
C17030132;SC2;1
C17004226;SC2;1
C16846796;SC2;1
C16808706;SC2;1
C17028180;SC2;1
C17029268;SC2;1
C17019972;SC1;1
C16811010;SC4;1
C17002778;SC2;1
C16805016;SC2;1
C17115308;SC2;1
C16727928;SC2;1
C17065800;SC3;1
C17131162;SC1;1
C16824430;SC2;1
C16741398;SC2;1
C17110216;SC2;1
C16812596;SC2;1
C16804622;SC2;1
C17025972;SC2;1
C17136370;SC2;1
C16800242;SC2;1
C16734508;SC2;1
C17132912;SC3;1
C17042068;SC2;1
C16822174;SC2;1
C17122098;SC2;1
C16800498;SC2;1
C17121886;SC2;1
C16805392;SC1;1
C17132806;SC2;1
C16800232;SC2;1
C16813102;SC2;1
C16800458;SC1;1
C17129348;SC2;1
C17131080;SC2;1
C16832178;SC2;1
C16835686;SC2;1
C16802046;SC1;1
C17115668;SC1;1
C17009774;SC2;1
C16829448;SC2;1
C17014124;SC2;1
C16810558;SC6;1
C16832702;SC2;1
C16805256;SC2;1
C17115170;SC6;1
C17035288;SC2;1
C17115630;SC1;1
C17115862;SC2;1
C16834796;SC1;1
C17018902;SC2;1
C16813206;SC2;1
C17124804;SC2;1
C16800636;SC2;1
C17028020;SC2;1
C17137876;SC3;1
C17026442;SC2;1
C17038328;SC1;1
C16835090;SC2;1
C17112968;SC2;1
C17018706;SC2;1
C17036520;SC2;1
C16804674;SC2;1
C17071866;SC1;1
C17136162;SC6;1
C16840016;SC2;1
C16804302;SC2;1
C17088690;SC2;1
C16800756;SC2;1
C17130124;SC2;1
C17114752;SC1;1
C17014112;SC3;1
C16800872;SC2;1
C16836712;SC6;1
C16733900;SC2;1
C16731450;SC2;1
C16804978;SC2;1
C17029588;SC2;1
C16813030;SC2;1
C17010976;SC1;1
C17107582;SC2;1
C17138332;SC1;1
C17008642;SC2;1
C16844558;SC2;1
C17128780;SC2;1
C16803388;SC2;1
C17045706;SC2;1
C17046014;SC1;1
C16831818;SC2;1
C17088890;SC2;1
C16800372;SC2;1
C16800832;SC2;1
C16801616;SC2;1
C16809932;SC1;1
C16843740;SC2;1
C17128152;SC2;1
C17113314;SC6;1
C16801946;SC2;1
C17115584;SC1;1
C17006648;SC2;1
C16802062;SC2;1
C16816502;SC2;1
C17119820;SC1;1
C16829568;SC2;1
C17022292;SC2;1
C16848682;SC2;1
C16822542;SC2;1
C17115288;SC1;1
C17121810;SC1;1
C17027678;SC2;1
C16836244;SC3;1
C17027946;SC2;1
C17131604;SC1;1
C17115134;SC1;1
C17004318;SC2;1
C16742624;SC6;1
C16802944;SC2;1
C16816514;SC2;1
C17131012;SC1;1
C16830098;SC2;1
C17046154;SC1;1
C17016688;SC2;1
C17027188;SC2;1
C16805352;SC2;1
C17027746;SC2;1
C16801480;SC2;1
C17032976;SC1;1
C17043812;SC2;1
C16805868;SC2;1
C16806222;SC3;1
C16816406;SC2;1
C16829532;SC2;1
C17029818;SC2;1
C17139270;SC6;1
C17115682;SC2;1
C17115150;SC1;1
C17107252;SC2;1
C16747344;SC2;1
C16733550;SC2;1
C17028784;SC2;1
C17085984;SC2;1
C17069268;SC2;1
C17027340;SC2;1
C17088850;SC2;1
C17119106;SC2;1
C17100534;SC2;1
C17005310;SC1;1
C17116408;SC2;1
C16829798;SC2;1
C17136618;SC2;1
C16803956;SC2;1
C17111178;SC1;1
C17036908;SC2;1
C16835308;SC2;1
C17117316;SC1;1
C17108220;SC2;1
C16831828;SC2;1
C17027954;SC2;1
C16824890;SC2;1
C17012606;SC2;1
C17026306;SC2;1
C16848800;SC2;1
C17029152;SC2;1
C17120542;SC1;1
C16846392;SC1;1
C17013232;SC2;1
C17107276;SC2;1
C16808674;SC2;1
C17044760;SC2;1
C17012022;SC2;1
C16829982;SC3;1
C17039792;SC2;1
C17137398;SC2;1
C16813360;SC2;1
C17037564;SC2;1
C17135632;SC2;1
C16815550;SC2;1
C16716442;SC1;1
C16838788;SC2;1
C17129266;SC2;1
C16810190;SC2;1
C16813586;SC2;1
C16806982;SC2;1
C17037656;SC2;1
C17132748;SC2;1
C16717270;SC2;1
C17026448;SC2;1
C16743360;SC2;1
C17123488;SC6;1
C17109074;SC2;1
C16821746;SC2;1
C17139260;0;1
C17136172;SC1;1
C17120414;SC1;1
C17008800;SC1;1
C17131630;SC3;1
C17025680;SC2;1
C17082980;SC1;1
C17132842;SC3;1
C16823450;SC3;1
C17120532;SC1;1
C17016514;SC2;1
C17136492;SC2;1
C17124296;SC4;1
C16805896;SC2;1
C16836756;SC6;1
C17129746;SC4;1
C16804392;SC2;1
C16808598;SC2;1
C17084562;SC2;1
C17010922;SC2;1
C16805012;SC2;1
C17132504;SC2;1
C16806034;SC2;1
C16835626;SC2;1
C17006534;SC2;1
C16802220;SC2;1
C17004856;SC2;1
C17120112;SC1;1
C17129506;SC2;1
C16807452;SC3;1
C17130670;SC2;1
C16806910;SC2;1
C16829792;SC2;1
C17115268;SC1;1
C16845784;SC3;1
C17050830;SC6;1
C17076112;SC2;1
C16804864;SC3;1
C17133278;SC2;1
C17025850;SC3;1
C16814958;SC1;1
C16739348;SC2;1
C16843974;SC2;1
C17050754;SC3;1
C16801788;SC3;1
C17111584;SC6;1
C17136942;SC6;1
C16802358;SC2;1
C17046688;SC2;1
C17139696;SC6;1
C16814308;SC2;1
C17137366;SC6;1
C17022558;SC6;1
C16706726;SC2;1
C17025902;SC2;1
C17101070;SC6;1
C17012860;SC2;1
C16803524;SC2;1
C17029804;SC2;1
C16833366;SC2;1
C16814996;SC2;1
C17125226;SC1;1
C16826312;SC2;1
C17114692;SC2;1
C16803772;SC2;1
C16815126;SC2;1
C16810940;SC2;1
C17016720;SC2;1
C16800508;SC2;1
C17120478;SC1;1
C17137568;SC3;1
C17008216;SC2;1
C17130506;SC2;1
C17138506;SC2;1
C17025930;SC2;1
C17068734;SC2;1
C16821278;SC2;1
C17135550;SC2;1
C16800746;SC2;1
C16816938;SC2;1
C16817322;SC1;1
C16722176;SC2;1
C16829550;SC2;1
C17081058;SC2;1
C16843860;SC3;1
C16724688;SC2;1
C16716028;SC2;1
C16813928;SC2;1
C17103624;SC2;1
C17130178;SC3;1
C16825106;SC2;1
C16739458;SC3;1
C17137526;SC6;1
C17136624;SC6;1
C16802282;SC3;1
C16849364;SC2;1
C17128250;SC3;1
C17131160;SC2;1
C16844678;SC2;1
C17113430;SC2;1
C17023386;SC2;1
C17119676;SC2;1
C17071164;SC2;1
C16813112;SC2;1
C17109160;SC2;1
C17007300;SC6;1
C17088102;SC6;1
C17133148;SC3;1
C17119138;SC3;1
C16816774;SC2;1
C16822608;SC2;1
C17136572;SC6;1
C16823482;SC2;1
C17013880;SC6;1
C17021914;SC2;1
C17121518;SC1;1
C16843834;SC2;1
C16741774;SC6;1
C16833546;SC2;1
C17064850;SC3;1
C16809130;SC2;1
C16845930;SC2;1
C17047664;SC2;1
C17131298;SC2;1
C16832304;SC1;1
C17028374;SC2;1
C17068794;SC2;1
C17013026;SC6;1
C16821288;SC2;1
C16800764;SC2;1
C17123478;SC2;1
C16838050;SC2;1
C17137068;SC6;1
C17001176;SC6;1
C17136878;SC6;1
C17103466;SC2;1
C16829838;SC2;1
C16812354;SC2;1
C17124216;SC6;1
C17139378;0;1
C17022790;SC1;1
C17002746;SC6;1
C17109498;SC4;1
C16816752;SC2;1
C17032896;SC2;1
C16819200;SC2;1
C17128668;SC2;1
C16740542;SC2;1
C17120276;SC1;1
C17131728;SC1;1
C17129906;SC3;1
C17123318;SC2;1
C17128068;SC2;1
C16819566;SC2;1
C17029666;SC2;1
C17007264;SC2;1
C16839956;SC2;1
C16803422;SC2;1
C16800984;SC2;1
C17027712;SC2;1
C17084150;SC2;1
C17132942;SC2;1
C17024216;SC2;1
C17131126;SC3;1
C17130580;SC1;1
C16825888;SC6;1
C17030700;SC2;1
C17092062;SC2;1
C16727760;SC2;1
C17023234;SC2;1
C17077618;SC2;1
C16840418;SC2;1
C17129908;SC2;1
C17134450;SC2;1
C17042202;SC2;1
C17122920;SC2;1
C16800396;SC2;1
C17117146;SC1;1
C16735312;SC2;1
C16821924;SC2;7
C17128906;SC2;1
C17009458;SC1;1
C16813444;SC2;1
C16734390;SC2;1
C17045298;SC2;1
C16801144;SC2;1
C17021646;SC3;1
C17128910;SC2;1
C16841848;SC2;1
C16809322;SC2;1
C17135790;SC6;1
C17011782;SC2;1
C16835214;SC6;1
C17133822;SC6;1
C17003282;SC6;1
C17135212;SC3;1
C17138052;SC3;1
C16817666;SC3;1
C16806580;SC2;1
C16826240;SC2;1
C17112914;SC2;1
C17138998;0;1
C16808826;SC6;1
C17115490;SC1;1
C17135272;SC2;1
C17019988;SC2;1
C16804404;SC2;1
C16711828;SC2;1
C17009670;SC2;1
C16842534;SC1;1
C17045658;SC2;1
C17137592;SC6;1
C16832762;SC1;1
C17130502;SC2;1
C16801174;SC6;1
C17118798;SC2;1
C17021514;SC2;1
C16822276;SC2;1
C16815390;SC6;1
C17122790;SC2;1
C16813954;SC2;1
C16813252;SC2;1
C17027806;SC2;1
C17089284;SC2;1
C16838896;SC2;1
C17118200;SC1;1
C17106588;SC2;1
C16807692;SC1;1
C17057690;SC2;1
C17137976;SC2;1
C17131900;SC2;1
C16808114;SC2;1
C16823086;SC2;1
C17013150;SC2;1
C16803440;SC2;1
C16834906;SC2;1
C17129680;SC2;1
C17085974;SC2;1
C17116142;SC2;1
C17121030;SC2;1
C16812172;SC2;1
C16816562;SC2;1
C17074650;SC2;1
C16810722;SC2;1
C17009386;SC2;1
C17000048;SC6;1
C17028940;SC2;1
C17133300;SC6;1
C17027322;SC3;1
C16815384;SC6;1
C17111656;SC6;1
C16836834;SC2;1
C17136472;SC2;1
C16841786;SC2;1
C17106972;SC2;0
C17115312;SC2;1
C16839762;SC2;1
C17116790;SC6;1
C17139332;0;1
C17105050;SC2;1
C17036528;SC1;1
C17125112;SC2;1
C16802838;SC2;1
C17025770;SC2;1
C17041734;SC2;1
C16809084;SC2;1
C17037410;SC1;1
C17035658;SC2;1
C17118420;SC2;1
C17116056;SC1;1
C17134552;SC6;1
C17015312;SC2;1
C17034416;SC2;1
C17136358;SC6;1
C17136716;SC6;1
C17132886;SC2;1
C17123108;SC2;1
C17024008;SC2;1
C17069578;SC2;1
C17084988;SC1;1
C16812668;SC2;1
C16741874;SC2;1
C16823830;SC2;1
C16822640;SC2;1
C17135856;SC6;1
C16829876;SC2;1
C17125392;SC2;1
C17110040;SC6;1
C16803274;SC6;1
C17127928;SC2;1
C17132468;SC2;1
C17108348;SC1;1
C17139664;0;1
C17024942;SC2;1
C16834194;SC2;1
C17107262;SC2;1
C16829594;SC2;1
C17135196;SC2;1
C17071158;SC3;1
C17091958;SC1;1
C16801312;SC1;1
C17126912;SC1;1
C17136816;SC1;1
C17062152;SC2;1
C17129590;SC6;1
C17071030;SC2;1
C17044972;SC2;1
C17114110;SC2;1
C17127556;SC2;1
C17059604;SC2;1
C17129422;SC2;1
C17084908;SC2;1
C17137336;SC6;1
C17054520;SC2;1
C16812782;SC3;1
C16800776;SC2;1
C17133492;SC6;1
C17138902;0;1
C17137656;SC2;1
C16734342;SC1;1
C17113678;SC2;1
C17131940;SC2;1
C16801876;SC2;1
C17131404;SC2;1
C16844432;SC1;1
C17082350;SC3;1
C16812730;SC1;1
C16823680;SC2;1
C17126250;SC2;1
C16813274;SC2;1
C17115222;SC2;1
C17131168;SC1;1
C16819230;SC2;1
C17027716;SC2;1
C17100760;SC2;1
C17056946;SC2;1
C17120814;SC3;1
C17122800;SC2;1
C17133466;SC2;1
C17115672;SC2;1
C17128482;SC3;1
C17111420;SC3;1
C17123988;SC2;1
C16802536;SC2;1
C17121706;SC2;1
C17116270;SC2;1
C17035656;SC2;1
C17137394;SC6;1
C16825276;SC2;1
C16828176;SC2;1
C17114012;SC1;1
C17028988;SC2;1
C17129938;SC1;1
C17138340;SC6;1
C17133114;SC3;1
C16813772;SC2;1
C16806846;SC2;1
C16800812;SC2;1
C17017262;SC2;1
C17035068;SC2;1
C16721274;SC2;1
C17124174;SC2;1
C16830814;SC3;1
C16819098;SC2;1
C16838274;SC1;1
C16845192;SC2;1
C17000424;SC2;1
C17137644;SC3;1
C16807776;SC2;1
C16813332;SC2;1
C17022318;SC2;1
C17123996;SC2;1
C17105478;SC2;1
C16837256;SC2;1
C17000446;SC2;1
C16808366;SC2;1
C17053264;SC1;1
C16837720;SC3;1
C17132938;SC2;1
C16809818;SC2;1
C17117832;SC6;1
C16810720;SC2;1
C16804074;SC2;1
C17057218;SC2;1
C17138848;SC2;1
C16807990;SC3;1
C17011258;SC3;1
C17105428;SC2;1
C16739378;SC3;1
C17121692;SC3;1
C17005292;SC2;1
C16830876;SC2;1
C16823136;SC2;1
C16841338;SC2;1
C17138524;0;1
C17026286;SC2;1
C17120848;SC2;1
C17129858;SC6;1
C16834438;SC2;1
C16801464;SC2;1
C17131872;SC2;1
C17035724;SC2;1
C16821332;SC2;1
C16807402;SC1;1
C17137736;SC2;1
C17138452;0;1
C17124690;SC6;1
C17107228;SC1;1
C17105896;SC2;1
C16820258;SC2;1
C17020144;SC6;1
C16821364;SC6;1
C17013460;SC2;1
C16821138;SC2;1
C16815858;SC3;1
C17009034;SC2;1
C16800484;SC2;1
C17137706;SC3;1
C17139580;0;1
C16837974;SC2;1
C17136734;SC6;1
C16810408;SC2;1
C16800060;SC2;1
C17030760;SC2;1
C17105530;SC1;1
C16805768;SC2;1
C17022074;SC2;1
C17036380;SC2;1
C17122664;SC2;1
C17028352;SC2;1
C17137004;SC6;1
C17139356;0;1
C17136640;SC6;1
C17124778;SC2;1
C16705562;SC2;1
C16727456;SC3;1
C17111706;SC3;1
C16806044;SC2;1
C17024396;SC2;1
C17128530;SC2;1
C17127138;SC3;1
C17113474;SC2;1
C17058894;SC2;1
C17040474;SC2;1
C16825720;SC2;1
C16849324;SC2;1
C16804016;SC2;0
C16807294;SC2;1
C16818092;SC2;1
C17093170;SC2;1
C17010646;SC2;1
C17122974;SC2;1
C17022998;SC2;1
C17121410;SC4;1
C17136946;SC6;1
C17131790;SC6;1
C16808298;SC2;1
C17028336;SC2;1
C17055194;SC2;1
C17130102;SC1;1
C17002690;SC2;1
C17125690;SC2;1
C16827372;SC2;1
C17091216;SC2;1
C17077924;SC6;1
C16820914;SC2;1
C17131366;SC2;1
C17022726;SC6;1
C16734464;SC2;1
C16743240;SC3;1
C17027186;SC2;1
C16801018;SC2;1
C17139338;SC3;1
C17092838;SC2;1
C17138716;SC3;1
C17134456;SC2;1
C17130712;SC6;1
C17129738;SC2;1
C16815366;SC2;1
C16815722;SC2;1
C16800386;SC2;1
C16822484;SC2;1
C17137746;SC3;1
C16816230;SC2;1
C16840178;SC2;1
C16800634;SC1;1
C16807328;SC2;1
C16806428;SC3;1
C17041066;SC2;1
C17011564;SC2;1
C17136704;SC2;1
C16825066;SC2;1
C17139346;SC3;1
C17112770;SC2;1
C17130598;SC6;1
C17068204;SC1;1
C16825366;SC2;1
C17138684;SC3;1
C17028872;SC2;1
C16822120;SC2;1
C17139964;0;1
C16833296;SC2;1
C17138980;0;1
C17137932;0;1
C17091944;SC2;1
C17131304;SC6;1
C17124664;SC2;1
C17139178;SC3;1
C16807854;SC6;1
C16830704;SC2;1
C16828566;SC2;1
C17112644;SC2;1
C17049812;SC2;1
C17002328;SC2;1
C17138292;SC6;1
C17027358;SC2;1
C16840714;SC3;1
C17139600;0;1
C17110688;SC2;1
C17131516;SC6;0
C17133558;SC2;1
C16801576;SC2;1
C17027834;SC2;1
C16829402;SC2;1
C16812576;SC2;1
C16814062;SC2;1
C17028612;SC2;1
C17117684;SC3;1
C17138754;SC4;1
C17138518;0;1
C17129778;SC2;1
C17022716;SC2;1
C16804314;SC2;1
C17123260;SC6;1
C17045234;SC6;1
C17015278;SC6;1
C17048518;SC2;1
C17024720;SC2;1
C16811448;SC2;1
C17137928;SC2;1
C17030704;SC2;1
C16846420;SC2;1
C16829476;SC2;1
C17138756;0;1
C17056628;SC2;1
C16803664;SC6;1
C17137392;SC6;1
C17138638;SC6;1
C17116316;SC2;1
C17137012;SC2;1
C17129500;SC4;1
C17117930;SC2;1
C17006350;SC2;1
C17137208;SC6;1
C17118970;SC2;1
C17086774;SC2;1
C16820006;SC3;1
C17135514;SC6;1
C16812842;SC2;1
C16748120;SC2;1
C17024638;SC2;1
C17054902;SC2;1
C16849404;SC3;1
C17033162;SC2;1
C16845682;SC2;1
C17046742;SC3;1
C16701044;SC2;1
C17017276;SC2;1
C17114740;SC6;1
C17135722;SC2;1
C16849250;SC2;1
C17019800;SC3;1
C16807454;SC6;1
C16845620;SC2;1
C16833744;SC3;1
C17100792;SC2;1
C17137236;SC6;1
C16816070;SC2;1
C17110876;SC3;1
C16803794;SC2;1
C17134880;SC6;1
C17112494;SC2;1
C17130802;SC2;1
C16805358;SC2;1
C16812270;SC2;1
C17114970;SC1;1
C16811440;SC2;1
C17120754;SC1;1
C17137544;SC3;1
C17111634;SC1;1
C17051480;SC2;1
C17109330;SC2;1
C17043414;SC2;1
C17135146;SC3;1
C16822388;SC2;1
C17136350;SC2;1
C16805032;SC2;1
C17028152;SC3;1
C16808914;SC1;1
C17079556;SC6;1
C16816576;SC3;1
C17132070;SC6;1
C16830442;SC4;1
C16825100;SC2;1
C17107886;SC2;1
C17030590;SC2;1
C17138672;SC2;1
C17063904;SC1;1
C17114794;SC1;1
C16801502;SC2;1
C17116002;SC2;1
C16814044;SC2;1
C17112358;SC1;1
C17136286;SC3;1
C16827834;SC2;1
C17089768;SC2;1
C17131294;SC6;1
C17005208;SC2;1
C17070196;SC2;1
C16800632;SC2;1
C16831554;SC4;1
C17028296;SC2;1
C16811844;SC3;1
C16808320;SC6;1
C16811106;SC1;1
C16838638;SC2;1
C16805482;SC2;1
C16803502;SC2;1
C17125308;SC2;1
C16843450;SC2;1
C17133552;SC2;1
C16830706;SC4;1
C17128110;SC2;1
C17138836;SC2;1
C16837582;SC2;1
C17085858;SC2;1
C17135416;SC2;1
C17035590;SC2;1
C16808430;SC2;1
C16734766;SC2;1
C17022586;SC2;1
C17086248;SC2;1
C17135034;SC2;1
C17139076;SC2;1
C17037216;SC2;1
C17136668;SC6;1
C16801366;SC6;1
C16801554;SC2;1
C17139166;0;1
C16729396;SC2;1
C17086834;SC2;1
C16806716;SC2;1
C17024378;SC2;1
C17139020;0;1
C17103256;SC2;1
C17115604;SC2;1
C17121994;SC2;1
C17136066;SC6;1
C17045538;SC2;1
C17024550;SC2;1
C17134214;SC1;1
C16800960;SC2;1
C16806994;SC2;1
C16801402;SC2;1
C16820362;SC2;1
C17135316;SC6;1
C17137624;SC6;1
C16823682;SC1;1
C17025202;SC2;1
C17022086;SC3;1
C17138070;0;1
C17005112;SC6;1
C17133740;SC3;1
C16817810;SC2;1
C17132928;SC3;1
C16827324;SC6;1
C16840084;SC2;1
C17135552;SC4;1
C16800684;SC3;1
C16804918;SC2;1
C17134542;SC3;1
C17139246;SC3;1
C17089510;SC2;1
C17011230;SC2;1
C17046124;SC1;1
C17089632;SC1;1
C17133772;SC6;1
C16817874;SC6;1
C16819238;SC2;1
C17128696;SC6;1
C16814972;SC2;1
C17077464;SC2;1
C17090848;SC2;1
C17065426;SC1;1
C16837186;SC2;1
C17103644;SC3;1
C17009068;SC2;1
C17051038;SC2;1
C16803366;SC2;1
C17130198;SC2;1
C16817534;SC2;1
C16803054;SC2;1
C16848930;SC6;1
C17079312;SC6;1
C16826640;SC2;1
C16806728;SC2;1
C16806364;SC2;1
C16801976;SC2;1
C16811862;SC2;1
C17091956;SC6;1
C17115570;SC1;1
C17139734;SC3;1
C17137970;SC2;8
C16800088;SC2;1
C17137338;SC4;1
C16812948;SC6;1
C17023326;SC6;1
C17132916;SC2;1
C17000812;SC3;1
C17136944;SC6;1
C17137316;SC6;1
C16801424;SC2;1
C17127264;SC2;1
C17138798;0;1
C16800734;SC2;1
C17071060;SC2;1
C17138758;SC2;1
C16702752;SC2;1
C16801300;SC2;1
C16815218;SC1;1
C17135576;SC6;1
C17137664;SC3;8
C17138808;0;1
C17138398;0;1
C17037246;SC3;1
C17137136;SC6;1
C17061234;SC6;0
C17137630;SC2;1
C16806322;SC2;1
C17047264;SC2;8
C16830392;SC6;1
C17026144;SC2;1
C17010816;SC2;1
C16823910;SC6;1
C17041394;SC2;1
C16820392;SC2;1
C17120272;SC6;1
C17136988;0;1
C16802410;SC2;1
C16841766;SC1;1
C17116718;SC2;1
C17085720;SC6;1
C17136522;SC6;1
C16836890;SC2;1
C16846798;SC2;1
C17131330;SC6;1
C17137478;SC6;1
C16827106;SC2;1
C17005596;SC2;1
C17066458;SC2;1
C17134604;SC2;1
C17029540;SC2;1
C16810548;SC3;1
C16730608;SC2;1
C16801124;SC2;1
C16803802;SC2;1
C16817164;SC2;1
C17028144;SC2;1
C17086922;SC2;1
C17024528;SC2;1
C17131976;SC6;1
C16829872;SC2;1
C17108074;SC6;1
C17084766;SC1;1
C17026412;SC2;1
C16804752;SC2;1
C17044204;SC2;1
C17102318;SC2;1
C17135268;SC6;1
C16810936;SC2;1
C17139514;0;1
C17057382;SC6;1
C17131288;SC6;1
C17041606;SC2;8
C17004768;SC2;1
C17001868;SC2;8
C17028632;SC2;0
C16833598;SC2;1
C17128360;SC2;1
C16806974;SC2;1
C17012644;SC3;1
C16800830;SC2;1
C16811370;SC2;1
C17064838;SC2;1
C17130986;SC2;1
C17133754;SC2;1
C17116546;SC1;1
C16807212;SC2;1
C17136706;SC3;1
C16824632;SC2;1
C17080190;SC1;1
C17138668;0;1
C16806784;SC2;1
C16804740;SC2;1
C17136316;SC2;1
C17014762;SC2;1
C17113662;SC1;1
C16838442;SC2;1
C16800468;SC2;1
C17131388;SC2;1
C16801042;SC2;1
C17138610;0;1
C16838948;SC2;1
C16805466;SC2;1
C17113534;SC2;1
C17137844;SC2;1
C16822630;SC3;1
C17136588;SC6;1
C17114536;SC2;1
C17133622;SC6;1
C16808326;SC2;1
C16811954;SC2;1
C16816144;SC2;1
C16817832;SC2;1
C17012844;SC6;1
C17026982;SC2;1
C16817730;SC6;1
C17136660;SC6;1
C17026254;SC2;1
C17138528;0;1
C17054466;SC2;1
C17031482;SC2;1
C17135102;SC2;1
C16823070;SC1;1
C16800348;SC2;1
C17122204;SC1;1
C16723804;SC3;1
C17129476;SC6;1
C17137056;SC3;1
C16818836;SC2;1
C17003198;SC3;1
C17139330;0;1
C17125722;SC2;1
C17111542;SC2;1
C16807632;SC6;1
C16843482;SC2;1
C17123618;SC2;1
C16804288;SC2;1
C17138766;0;1
C17137240;SC3;1
C17138180;0;1
C16816152;SC3;1
C16848028;SC2;1
C17000486;SC2;1
C16849088;SC2;1
C17035214;SC6;1
C17009606;SC6;1
C17036416;SC2;1
C17000206;SC2;1
C16841564;SC2;1
C16835516;SC2;1
C17005920;SC6;1
C16802848;SC2;1
C16832614;SC2;1
C16817432;SC2;1
C16728874;SC3;1
C17039262;SC2;1
C17138648;0;1
C17063346;SC3;1
C16849396;SC2;1
C17139016;0;1
C17134310;SC2;1
C17138762;SC2;1
C17045516;SC2;1
C16808960;SC6;1
C16828530;SC2;1
C16848570;SC6;1
C17058946;SC2;1
C16847372;SC6;1
C16808412;SC4;1
C17136798;SC6;1
C17134760;SC6;1
C17022472;SC2;1
C16841534;SC6;1
C17139588;0;1
C17132636;SC6;1
C17135182;SC6;1
C17016894;SC2;1
C17007806;SC2;1
C17138464;0;1
C16834720;SC2;1
C16800976;SC2;1
C17113490;SC2;1
C17138654;SC2;1
C17138460;SC3;1
C17112498;SC2;1
C17137610;SC2;1
C17027804;SC2;1
C16830468;SC2;1
C17116044;SC2;1
C17118602;SC1;1
C17005416;SC6;1
C17028862;SC3;1
C17139996;0;1
C16731434;SC2;1
C17139882;SC6;1
C17137016;SC6;1
C17068816;SC2;1
C17138486;0;1
C17120592;SC6;1
C17136884;SC6;1
C17027424;SC6;1
C17136676;SC2;1
C16837190;SC2;1
C17120106;SC2;1
C17068682;SC3;1
C17065274;SC1;1
C16815380;SC2;1
C17134066;SC2;1
C17122064;SC2;1
C16832970;SC2;1
C17136368;SC6;1
C17137552;SC3;1
C17115566;SC1;1
C17139988;SC6;1
C17093058;SC6;1
C16837932;SC2;1
C17113752;SC6;1
C17137454;SC2;1
C17136202;SC6;1
C17138698;0;1
C17136934;SC6;1
C17139218;0;1
C16826246;SC3;1
C17134634;SC6;1
C17139390;0;1
C17009412;SC3;1
C17139698;SC3;1
C17046268;SC3;1
C17137580;SC2;1
C17084200;SC6;1
C17013242;SC1;1
C17137324;SC6;1
C17138492;SC3;1
C16804080;SC2;1
C16822928;SC6;1
C17111824;SC6;0
C17008442;SC3;1
C17023236;SC2;1
C16803986;SC6;0
C17040602;SC2;0
C17138976;0;1
C16832782;SC2;1
C17041134;SC2;1
C16728694;SC2;1
C16808104;SC2;1
C17139596;0;1
C17139810;0;1
C17139018;0;1
C17136874;SC6;1
C17005842;SC6;1
C16820276;SC3;7
C17134710;SC2;8
C17087188;SC2;1
C16830382;SC2;1
C17045770;SC2;1
C17134372;SC2;1
C17119232;SC2;1
C17049122;SC2;1
C17038626;SC2;1
C17137510;SC6;1
C17027788;SC2;1
C17137028;SC6;1
C16839950;SC2;1
C17116482;SC2;1
C17002608;SC3;1
C17138054;SC2;1
C17024682;SC3;1
C16807334;SC2;1
C17122504;SC4;1
C17132192;SC3;1
C17137710;SC6;1
C16816116;SC2;1
C17139710;0;1
C17138366;SC2;1
C17027100;SC1;1
C17136230;SC6;1
C17090204;SC6;1
C17137662;0;1
C17137122;SC6;1
C17002174;SC2;1
C17137822;SC2;1
C17131128;SC2;1
C17137930;SC2;1
C17136672;SC6;1
C17138554;0;1
C16741288;SC2;1
C16813816;SC3;1
C17009546;SC2;1
C16732300;SC2;1
C17139496;0;1
C17139954;0;1
C16812228;SC3;1
C16801728;SC3;1
C17138126;SC2;1
C16812302;SC3;1
C17139022;0;1
C17137050;SC6;1
C16745480;SC2;1
C17139062;0;1
C17139202;0;1
C17139652;0;1
C16801948;SC2;1
C17139336;0;1
C17100550;SC6;1
C17139320;0;1
C17029800;SC2;1
C17137372;SC6;1
C17047284;SC2;1
C17077644;SC2;1
C17136852;SC6;7
C16808652;SC2;1
C17139760;0;1
C17139656;0;7
C16831256;SC6;8
C16809436;SC2;5
C17090934;SC2;2
C17025388;SC6;8
C16821116;SC2;7
C17139372;SC6;8
C16835512;SC6;1
C17018460;SC2;8
C17089606;SC6;1
C17137142;SC6;1
C16842364;SC3;1
C17028278;SC2;1
C17086366;SC2;1
C17043312;SC2;1
C16803682;SC3;1
C16722656;SC3;1
C17130034;SC2;1
C16849306;SC2;1
C17138536;0;1
C17130474;SC6;1
C17027732;SC2;1
C17133690;SC6;1
C16811886;SC3;1
C17021450;SC2;1
C17062078;SC6;1
C17136926;SC6;1
C16835312;SC2;1
C17133908;SC3;1
C17130006;SC1;1
C16839682;SC6;1
C17121006;SC1;1
C17064462;SC2;1
C17139096;0;1
C17024136;SC2;1
C16835204;SC4;1
C16816278;SC6;1
C17108216;SC1;1
C17138852;0;1
C16801564;SC6;1
C17138868;0;1
C17137808;0;1
C17139940;0;1
C17136086;SC6;1
C17134156;SC2;1
C17139500;0;1
C17103698;SC6;1
C16808034;SC6;1
C16828520;SC2;1
C17137410;SC3;1
C16815004;SC2;1
C17138816;SC6;1
C17137164;SC6;1
C17132124;SC6;1
C17122718;SC2;1
C17139968;0;1
C16840990;SC2;1
C17028072;SC6;1
C17136866;SC3;1
C17084518;SC6;1
C17131178;SC2;1
C17128566;SC2;1
C16814912;SC3;1
C17006260;SC3;1
C16833048;SC6;8
C16827630;SC2;1
C16812084;SC6;1
C17121506;SC6;1
C16748270;SC2;1
C17138222;SC3;1
C16742800;SC3;1
C17003494;SC2;1
C16810364;SC4;1
C16822876;SC2;1
C17025486;SC2;1
C17067676;SC2;1
C17137536;SC2;1
C16805104;SC2;1
C17136744;SC6;1
C16738770;SC3;1
C17137188;SC6;1
C17113838;SC6;1
C16712350;SC3;1
C17136868;SC6;1
C16818212;SC6;1
C16835254;SC2;1
C17122030;SC1;1
C16821090;SC2;1
C17001808;SC2;1
C17018538;SC1;1
C17107754;SC2;1
C17027666;SC2;1
C17137448;SC6;1
C17138854;SC2;1
C17019706;SC6;1
C16843946;SC2;1
C16743022;SC3;1
C16841468;SC6;1
C16819878;SC2;1
C17138844;SC2;1
C16810874;SC2;1
C17137638;SC3;1
C17047754;SC3;1
C17128900;SC2;1
C17139740;0;1
C16836962;SC2;1
C16822228;SC2;1
C16816232;SC6;1
C17136754;SC6;1
C17136308;SC6;1
C17138744;0;1
C17139582;0;1
C17131384;SC6;1
C17137826;0;1
C16806394;SC6;1
C16835690;SC2;1
C16801172;SC2;1
C17139324;SC2;1
C17114978;SC6;1
C16743972;SC2;1
C16809562;SC2;1
C17118352;SC2;1
C17131110;SC2;1
C17132638;SC3;1
C17001350;SC2;1
C17135406;SC6;1
C16813066;SC2;1
C16835530;SC4;1
C16819788;SC3;1
C17137774;SC6;1
C17133374;SC2;1
C16805444;SC3;1
C17107578;SC2;1
C16849344;SC2;1
C17137900;SC2;1
C17136864;SC2;1
C17136534;SC6;1
C17138972;SC2;1
C17068346;SC2;1
C17118478;SC3;1
C17004686;SC2;0
C17002122;SC3;1
C16827374;SC2;1
C17138132;SC3;1
C17138478;0;1
C17113398;SC2;1
C17131166;SC2;1
C17125116;SC2;1
C17025416;SC2;1
C17045988;SC2;1
C17133614;SC2;1
C17139866;0;1
C17035530;SC2;1
C16823250;SC2;1
C17131078;SC6;1
C16820046;SC3;1
C17009608;SC6;1
C16813358;SC6;1
C16819754;SC6;1
C16802614;SC3;1
C17086948;SC2;1
C17021332;SC2;1
C17136748;SC6;1
C17138994;0;1
C17137786;0;1
C17091406;SC6;1
C17139806;0;1
C16706724;SC2;1
C17132524;SC4;1
C17138354;SC6;1
C16849336;SC3;1
C16823628;SC2;1
C16836534;SC2;1
C16839282;SC2;1
C16833040;SC2;1
C17137218;SC2;1
C17139508;SC6;1
C16840648;SC3;1
C17122248;SC2;1
C16801184;SC2;1
C17138444;SC3;1
C17137722;SC6;1
C17014008;SC2;1
C17057856;SC2;1
C16810696;SC2;1
C17017996;SC2;1
C17138030;SC6;1
C17138612;0;1
C16848380;SC2;1
C16834718;SC2;1
C17137156;SC6;1
C16814740;SC2;1
C17078114;SC3;1
C17093128;SC6;1
C17137260;SC2;1
C16807166;SC2;1
C16728860;SC3;1
C16822256;SC2;1
C16810156;SC3;1
C16803010;SC2;1
C17035926;SC2;1
C17137126;SC6;1
C17138946;0;1
C17137696;SC6;1
C16822790;SC2;1
C17138674;SC2;1
C17005898;SC2;1
C16847802;SC2;1
C16820422;SC2;1
C17089400;SC2;1
C17138966;0;1
C16812650;SC2;1
C17137614;SC2;1
C17086332;SC2;1
C16847302;SC2;1
C17128938;SC2;1
C16831152;SC2;1
C17005274;SC2;1
C17128692;SC6;1
C17136550;SC6;1
C16818354;SC2;1
C16805876;SC6;0
C17006814;SC6;1
C17138490;0;1
C17137616;SC2;1
C17130682;SC6;1
C17046690;SC2;1
C17134544;SC6;1
C17137314;SC6;1
C17139852;0;1
C17136126;SC2;1
C17138448;SC2;1
C16801016;SC2;1
C17132818;SC6;1
C16817658;SC2;1
C16847306;SC6;1
C17137078;SC6;1
C17139288;0;1
C17138892;0;1
C17137842;0;1
C16813202;SC2;1
C16808920;SC2;1
C17139318;0;1
C16807930;SC6;1
C17023912;SC6;1
C17138442;SC2;1
C16808420;SC2;1
C17136336;SC2;1
C16835366;SC6;1
C17137518;SC2;1
C17058376;SC3;1
C17133880;SC2;1
C17116992;SC2;1
C17114880;SC2;1
C17137124;SC6;1
C17024460;SC2;1
C17138496;0;1
C16760484;SC2;1
C17135198;SC2;1
C17137026;SC6;1
C17133220;SC6;1
C17139530;0;1
C16806276;SC3;1
C17119064;SC2;1
C17130928;SC2;1
C17128440;SC2;1
C16814788;SC3;1
C17037832;SC2;1
C17054518;SC6;1
C17006432;SC1;1
C17074808;SC2;1
C16810234;SC2;1
C17085844;SC2;1
C17136580;SC6;1
C17128876;SC3;1
C17139948;0;1
C17137370;SC3;1
C16815044;SC2;1
C16805456;SC2;1
C17127232;SC6;1
C16804118;SC2;1
C17139406;0;1
C17137318;SC6;1
C17139732;0;1
C16810522;SC2;1
C17002918;SC2;1
C17136714;SC2;1
C17139198;0;1
C16816288;SC2;1
C17022614;SC2;1
C17137686;SC6;1
C17139144;0;1
C16807336;SC2;1
C17009496;SC6;1
C16745222;SC2;1
C16827312;SC2;1
C16822066;SC2;1
C17136124;SC6;1
C17026246;SC2;1
C17110998;SC3;1
C17019484;SC6;8
C17125792;SC2;8
C16802974;SC2;1
C16814366;SC2;0
C17134350;SC6;1
C17108144;SC6;1
C17136800;SC6;8
C17012692;SC3;1
C17012734;SC3;1
C17009494;SC3;1
C17135278;SC6;1
C17137364;SC6;1
C17136876;SC2;1
C17124314;SC6;1
C16811600;SC2;1
C17043940;SC6;1
C17136650;SC6;1
C17027012;SC2;1
C17113170;SC6;1
C17130650;SC3;1
C17133170;SC2;1
C16809612;SC2;1
C16800296;SC6;1
C17134408;SC2;1
C16833032;SC3;1
C17119530;SC2;1
C16805996;SC2;1
C17045890;SC2;1
C17139980;SC6;1
C17137250;SC6;1
C17138538;0;1
C17041554;SC2;1
C17137690;SC6;1
C17001078;SC2;1
C17131512;SC6;1
C16814432;SC2;1
C17138526;0;1
C17022956;SC3;1
C16823890;SC6;1
C17130160;SC2;1
C17023358;SC2;1
C17136178;SC3;1
C16819088;SC2;1
C16807756;SC3;1
C17026326;SC2;1
C17122332;SC2;1
C17137436;SC6;1
C17138024;0;1
C17129050;SC6;1
C17139690;SC6;1
C17138822;0;1
C17118984;SC2;1
C17122134;SC6;1
C17093650;SC6;1
C17000374;SC2;1
C17123898;SC2;1
C17139058;SC2;1
C17137270;SC6;1
C16806016;SC6;1
C17015500;SC2;1
C17116018;SC1;1
C17137264;SC2;1
C16805516;SC2;1
C17138456;SC2;1
C17109620;SC6;1
C17136346;SC2;1
C17138394;SC6;1
C17044168;SC2;1
C16833694;SC2;1
C16801996;SC2;1
C17039664;SC2;1
C17036170;SC2;1
C17021926;SC6;1
C17124190;SC6;1
C17026774;SC2;1
C17138686;0;1
C16803514;SC6;1
C17139428;0;1
C16806114;SC1;1
C17026324;SC2;1
C17136548;SC6;1
C17002696;SC2;1
C17136596;SC6;1
C16817984;SC3;1
C17121990;SC2;1
C17139910;SC3;1
C17024014;SC6;1
C16802726;SC6;1
C17138208;SC3;1
C16843810;SC6;1
C17022860;SC2;1
C17105552;SC2;1
C17113816;SC6;1
C17042200;SC2;1
C17117170;SC2;1
C16819058;SC2;1
C17132896;SC2;1
C17139726;0;1
C17129766;SC2;1
C17075720;SC2;1
C17114152;SC3;1
C17108768;SC2;1
C17027548;SC2;1
C16848610;SC6;1
C17034152;SC2;1
C16847924;SC2;1
C16810740;SC2;1
C17136918;SC6;1
C16807992;SC2;1
C17013520;SC3;1
C17028206;SC2;1
C17139702;0;1
C17137620;SC2;1
C17135092;SC6;1
C17138650;SC6;1
C16815416;SC4;1
C17137116;SC6;1
C17137406;SC6;1
C17115420;SC1;1
C17137132;SC2;1
C17089074;SC6;1
C17123380;SC3;1
C17139060;0;1
C17045664;SC2;1
C16741018;SC2;1
C17022864;SC2;1
C16818620;SC2;1
C17120752;SC2;1
C17139140;0;1
C17002304;SC6;1
C17030532;SC2;1
C16814452;SC2;1
C17034014;SC6;1
C17093172;SC6;1
C17091666;SC2;1
C17139358;0;1
C16838020;SC2;1
C16722916;SC2;1
C17117462;SC2;1
C16818768;SC4;1
C16833060;SC2;1
C17018926;SC1;1
C17139244;SC3;1
C16808656;SC6;1
C17121126;SC6;1
C17138134;0;1
C17139252;SC3;1
C17027554;SC3;1
C17050350;SC3;1
C17138182;0;1
C17136842;SC6;1
C17070312;SC3;1
C16737530;SC2;1
C16801102;SC2;1
C17085634;SC4;1
C17086868;SC2;1
C17027076;SC6;1
C16832810;SC6;1
C17108042;SC6;1
C16802510;SC2;1
C16831876;SC2;1
C17123534;SC2;1
C16845194;SC2;1
C17130484;SC2;1
C17137296;SC2;1
C16822164;SC2;1
C17022108;SC2;1
C17138896;SC2;1
C16824648;SC2;1
C17005146;SC2;1
C16847982;SC6;1
C17045674;SC2;1
C17068732;SC3;1
C16730458;SC2;1
C16848548;SC2;1
C17137332;SC6;1
C16822264;SC2;1
C17137326;SC2;1
C17136562;SC6;1
C16805050;SC2;1
C16845622;SC2;1
C17090230;SC2;1
C17005278;SC2;1
C17108654;SC2;1
C16724434;SC2;1
C16806118;SC2;1
C17026004;SC6;1
C17134822;SC2;1
C16816624;SC2;1
C17025292;SC2;1
C16815468;SC2;1
C17107788;SC6;1
C17138056;SC6;1
C16804174;SC2;1
C16804126;SC6;1
C17118414;SC6;1
C16814960;SC2;1
C17118430;SC2;1
C17138470;0;1
C17066740;SC6;1
C17137764;0;1
C16827256;SC2;1
C17115456;SC1;1
C17137054;SC6;1
C17139884;0;1
C16739212;SC3;1
C17138728;0;1
C17136832;SC6;1
C17136854;SC6;1
C17068120;SC6;1
C16733336;SC3;1
C16702742;SC2;1
C17134960;SC6;1
C17036180;SC2;1
C17044364;SC2;1
C16802878;SC2;1
C17131752;SC3;1
C17139136;0;1
C17027348;SC3;1
C17108954;SC2;1
C16849628;SC2;1
C17124006;SC3;1
C17020764;SC6;1
C17139124;0;1
C17021916;SC3;1
C16816986;SC3;1
C17120836;SC6;1
C16804508;SC6;1
C17087028;SC2;1
C17047990;SC2;1
C16804600;SC2;1
C16803488;SC2;1
C17001248;SC2;1
C16807792;SC2;1
C17090930;SC2;1
C16820168;SC2;1
C17006052;SC2;1
C16821182;SC2;1
C17117772;SC2;1
C16804610;SC2;1
C17122222;SC1;1
C17137096;SC6;1
C17138576;0;1
C17137684;SC2;1
C17139764;0;1
C17137058;SC4;1
C17133392;SC2;1
C16823800;SC3;1
C17138676;0;1
C16801388;SC2;1
C16808044;SC2;1
C17137330;SC2;1
C17138964;SC2;1
C17024184;SC3;1
C17013676;SC6;1
C17139008;0;1
C17136764;SC6;1
C16803952;SC2;1
C17084920;SC2;1
C16848944;SC6;1
C17028212;SC2;1
C16836576;SC2;1
C16818016;SC2;1
C16826688;SC3;1
C17138924;0;1
C17006168;SC3;1
C17005912;SC3;1
C17134010;SC2;1
C17136536;SC6;8
C16808548;SC2;1
C17019268;SC3;1
C17138652;SC2;1
C17138124;SC6;1
C16831372;SC2;1
C17137266;SC6;1
C17007754;SC6;1
C17053726;SC2;1
C17138364;SC6;1
C17040140;SC6;1
C17127476;SC2;1
C17124612;SC2;1
C17024366;SC2;1
C17024258;SC6;1
C16808012;SC3;1
C16815504;SC2;1
C17104116;SC2;1
C17100936;SC6;1
C17084378;SC3;1
C17135036;SC6;1
C17139186;0;1
C17012720;SC3;1
C17138600;0;1
C17128952;SC6;1
C16837566;SC6;1
C16813556;SC2;1
C17136530;SC6;1
C17139430;0;1
C16812894;SC2;1
C17116420;SC1;1
C17009276;SC6;1
C17138210;SC2;1
C16800582;SC3;1
C17133038;SC2;1
C17121168;SC6;1
C16828032;SC2;1
C16825382;SC2;1
C17121086;SC2;1
C17137522;SC6;1
C17138866;SC6;1
C16842992;SC6;1
C17029170;SC2;1
C17011028;SC3;1
C16736748;SC3;1
C17007220;SC6;1
C17139498;0;1
C17137676;SC6;1
C17120204;SC2;1
C17123952;SC6;1
C17032166;SC2;1
C16801494;SC2;1
C17003070;SC3;1
C17136232;SC2;1
C17139548;SC2;1
C17023648;SC2;1
C17139552;0;1
C17139462;SC6;1
C16820740;SC2;1
C16813384;SC2;1
C16848046;SC6;1
C17103940;SC6;1
C16824616;SC6;1
C17017802;SC6;1
C17137190;SC6;1
C16847206;SC3;1
C16814756;SC2;1
C16847130;SC2;1
C17050376;SC2;1
C17133380;SC6;1
C17022776;SC6;1
C17129110;SC2;1
C17137176;SC6;1
C17139808;SC6;1
C17109448;SC2;1
C17139490;0;1
C16807432;SC2;1
C17110956;SC2;1
C17136512;SC6;1
C17070066;SC3;1
C16843658;SC6;1
C16813108;SC6;1
C17136352;SC6;1
C16837056;SC2;1
C16801070;SC2;1
C17129434;SC6;1
C16833530;SC6;1
C17136532;SC6;1
C16810036;SC2;1
C17139736;0;1
C17025412;SC6;1
C17136398;SC6;1
C17028090;SC3;1
C17024956;SC2;1
C17043852;SC2;1
C17089396;SC3;1
C16718740;SC2;1
C17067300;SC6;1
C17019164;SC3;1
C17139704;0;1
C16741404;SC3;1
C17030562;SC2;1
C16808006;SC1;1
C16720622;SC2;1
C17044186;SC6;1
C17005088;SC3;1
C17132194;SC6;1
C16807890;SC3;1
C17039372;SC2;1
C16740006;SC2;1
C17139478;0;1
C17127930;SC1;1
C17138142;SC2;1
C16810990;SC6;1
C17093398;SC4;1
C17125398;SC2;1
C16805650;SC2;1
C17139666;0;1
C17005430;SC6;1
C17028282;SC2;1
C17110180;SC2;1
C17134790;SC6;1
C17072244;SC6;1
C17037074;SC2;1
C16831976;SC4;1
C17057342;SC2;1
C17076062;SC6;1
C17012192;SC3;1
C17015410;SC2;1
C16823150;SC1;1
C16816068;SC6;1
C16814004;SC6;1
C17084492;SC1;1
C17131828;SC6;1
C17139364;0;1
C17089710;SC4;1
C16830954;SC6;1
C17131926;SC2;1
C16838758;SC2;1
C17004108;SC2;1
C17137018;SC6;1
C17136756;SC6;1
C17138780;SC6;1
C17137898;SC6;1
C17042780;SC2;1
C17128098;SC2;1
C16818470;SC2;1
C17032186;SC6;1
C17024040;SC2;1
C17128734;SC1;1
C17039218;SC2;1
C17138008;SC6;1
C17114182;SC6;1
C17124992;SC2;1
C16804624;SC2;1
C16813196;SC2;1
C17134234;SC2;1
C17136646;SC6;1
C16807716;SC2;1
C16828814;SC2;1
C17131974;SC6;1
C16836626;SC3;1
C16803114;SC6;1
C17083386;SC2;1
C17004704;SC2;1
C17091802;SC6;1
C16821042;SC2;1
C17139906;SC6;1
C16827472;SC6;1
C17001102;SC2;1
C17136404;SC6;1
C17136922;SC6;1
C16824592;SC2;1
C17139914;0;1
C16810062;SC3;1
C17136330;SC6;1
C16838756;SC6;1
C16813100;SC2;1
C17137864;SC6;1
C17065016;SC2;1
C17137328;SC6;1
C16837374;SC4;1
C17045470;SC2;1
C17136970;SC6;1
C17138060;SC3;1
C17136642;SC6;1
C17136982;SC6;1
C16807932;SC6;1
C17023748;SC2;1
C17039304;SC2;1
C16843452;SC6;1
C17138982;0;1
C17119358;SC6;1
C17139998;0;1
C16810752;SC2;1
C17136582;SC3;1
C17137320;SC6;1
C17139686;SC6;1
C16726496;SC2;1
C16803916;SC2;1
C17138582;SC3;1
C17135054;SC6;1
C17121578;SC6;1
C16836158;SC4;1
C17129932;SC2;1
C17130966;SC6;1
C17116096;SC6;1
C17139446;0;1
C17139880;0;1
C17037400;SC6;1
C17137168;SC6;1
C16807738;SC4;1
C16748632;SC6;1
C16734154;SC6;1
C17023448;SC2;1
C17011126;SC6;1
C17138632;0;1
C16802790;SC6;1
C16744774;SC2;1
C16736340;SC3;1
C17136264;SC6;1
C17138048;SC6;1
C17133658;SC6;1
C17034256;SC2;1
C17137098;SC6;1
C17135752;SC3;1
C17111934;SC2;1
C16821628;SC1;1
C17024572;SC6;1
C17135476;SC6;1
C16800336;SC3;1
C17132400;SC3;1
C17027826;SC2;1
C17136914;SC6;1
C16838000;SC2;1
C17136760;SC6;1
C16801416;SC2;1
C17138144;SC6;1
C17139450;0;1
C17137384;SC6;1
C17139900;SC2;1
C17022602;SC6;1
C17034746;SC3;1
C16800362;SC3;1
C17135840;SC6;1
C16700404;SC3;1
C16827286;SC2;1
C17137274;SC6;1
C17010666;SC2;1
C16802262;SC2;1
C17020588;SC2;1
C16827656;SC2;1
C17138096;SC6;1
C16807832;SC3;1
C16840610;SC6;1
C17137450;SC1;1
C17137256;SC6;1
C17136818;SC6;1
C16840002;SC2;1
C17139036;SC2;1
C17083490;SC2;1
C16843478;SC2;1
C17000394;SC2;1
C17014902;SC6;1
C17139936;SC2;1
C16820868;SC2;1
C17136686;SC6;1
C17130278;SC6;1
C16841336;SC2;1
C17136752;SC6;1
C17136996;SC6;1
C16800332;SC2;1
C16818120;SC2;1
C16814750;SC3;1
C17135558;SC6;1
C17124702;SC3;1
C17136930;SC6;1
C17137400;SC6;1
C17137076;SC2;1
C16839764;SC2;1
C17136938;SC6;1
C17139714;0;1
C17138630;SC6;1
C17139294;0;1
C17138952;0;1
C16828854;SC2;1
C17139876;0;1
C17137376;0;1
C17138034;0;1
C17042710;SC2;1
C16822800;SC2;1
C16813116;SC6;1
C17138542;0;1
C17138458;0;1
C17026724;SC6;1
C17137382;SC2;1
C16805558;SC6;1
C17138302;SC2;1
C16802332;SC3;1
C17138136;0;1
C17138834;0;1
C17134134;SC6;1
C17138282;0;1
C17131840;SC3;1
C16810478;SC2;1
C17138548;SC2;1
C17012728;SC3;1
C17138404;0;1
C17139386;0;1
C17137148;SC6;1
C17138294;0;1
C17136384;SC3;1
C17013646;SC6;1
C17024042;SC2;1
C17136194;SC6;1
C16830272;SC2;1
C17001190;SC6;1
C17133416;SC6;1
C16839626;SC2;1
C17026744;SC3;1
C17137010;SC6;1
C17139322;0;1
C17026468;SC2;1
C17109912;SC2;1
C17029550;SC2;1
C16813824;SC2;1
C16828646;SC3;1
C17118802;SC6;1
C17139046;0;1
C17138876;SC6;1
C17017540;SC6;1
C17137506;SC6;1
C17137554;SC2;1
C17137512;SC6;1
C17136552;SC6;1
C17136666;SC6;1
C16822412;SC6;1
C17133394;SC2;0
C17135138;SC3;1
C16832044;SC3;0
C16839534;SC6;1
C17138176;SC6;1
C17137502;SC4;1
C17137860;SC6;1
C17077496;SC3;1
C17139308;SC6;1
C17131202;SC2;1
C17139436;0;1
C17138256;SC3;1
C17139172;0;1
C17121826;SC6;1
C17013490;SC6;1
C17058994;SC4;1
C17055726;SC2;1
C17137110;SC6;1
C16843784;SC6;1
C16822752;SC2;1
C17091318;SC2;1
C17138436;0;1
C17137504;SC6;1
C17138830;SC3;1
C17139204;0;1
C17037544;SC3;1
C17047712;SC2;1
C16827062;SC2;1
C17028110;SC2;1
C17092520;SC3;1
C17138910;0;1
C17137174;SC6;1
C16846884;SC2;1
C17114276;SC6;1
C17006262;SC1;1
C16809938;SC2;1
C17127680;SC3;1
C17016004;SC6;1
C17136138;SC2;1
C16821536;SC2;1
C17011436;SC2;8
C17138280;0;0
C17138736;SC6;1
C17137862;SC2;0
C17014948;SC3;0
C17033988;SC6;8
C16815142;SC2;0
C17128674;SC6;7
C17071176;SC6;7
C17006826;SC2;1
C17139314;0;1
C17137350;SC6;8
C17139966;0;1
C17138948;0;1
C17092058;SC2;0
C17139680;0;1
C16828542;SC2;1
C17136998;SC6;1
C16827522;SC3;1
C17139274;0;1
C16809512;SC2;1
C16831168;SC2;1
C16839826;SC6;1
C16818784;SC6;1
C16806266;SC6;1
C17137120;SC6;1
C17013932;SC2;1
C17011358;SC6;1
C16831728;SC2;1
C17137060;SC6;1
C17136910;SC4;1
C17130312;SC6;1
C16801188;SC2;1
C17139214;0;1
C17137520;SC6;1
C17137548;SC6;1
C17137246;SC6;1
C17136460;SC6;1
C17085736;SC6;1
C17089294;SC1;1
C17117884;SC6;1
C17136574;SC6;1
C17139608;0;1
C16816894;SC2;1
C17138382;SC2;1
C17139706;SC2;1
C17047758;SC2;1
C17043674;SC2;1
C16817138;SC1;1
C16726298;SC2;1
C16804506;SC4;1
C17040554;SC6;1
C17054740;SC2;1
C16805022;SC6;1
C17138032;SC6;1
C17133574;SC2;1
C17138602;0;1
C17139916;0;1
C17089550;SC4;1
C16814254;SC2;1
C16824736;SC2;1
C17115258;SC6;1
C16748836;SC2;1
C17068888;SC6;1
C17137220;SC6;1
C17131170;SC6;1
C16817494;SC6;1
C17111694;SC2;1
C16814350;SC6;1
C17129984;SC6;1
C17053826;SC2;1
C17062134;SC2;1
C16846306;SC6;1
C17138296;0;1
C17071020;SC2;1
C17139104;0;1
C17026072;SC3;1
C17138426;0;1
C17138328;SC1;1
C17021360;SC6;1
C17068248;SC6;1
C17044826;SC2;1
C17136164;SC2;1
C16737288;SC2;1
C16806612;SC4;1
C17135838;SC6;1
C17137738;SC6;1
C17139484;0;1
C17138992;0;1
C17004936;SC6;1
C16837088;SC4;1
C17137204;SC6;1
C17138304;0;1
C17138960;0;1
C17133548;SC6;1
C17091186;SC3;1
C16808580;SC2;1
C16742398;SC3;1
C16848286;SC2;1
C17086010;SC3;1
C17028550;SC3;1
C17137002;SC6;1
C17018790;SC2;1
C16809768;SC2;1
C17134662;SC2;1
C17127690;SC6;1
C17136516;SC6;1
C17089458;SC2;1
C17136850;SC6;1
C17137360;SC6;1
C17136912;SC6;1
C17139476;0;1
C17042488;SC2;1
C17056286;SC6;1
C16804720;SC2;1
C17024878;SC2;1
C16811548;SC2;1
C17138022;0;1
C17044902;SC6;1
C17026142;SC2;1
C17137698;SC6;1
C17028050;SC2;1
C17138108;SC2;1
C17137248;SC3;1
C16813334;SC2;1
C17020336;SC2;1
C17005566;SC2;1
C16836354;SC1;1
C17133430;SC6;1
C17135002;SC6;1
C17138904;0;1
C16821084;SC2;1
C16827170;SC2;1
C17016930;SC2;1
C17139822;0;1
C17067008;SC3;1
C17089586;SC2;1
C17138558;SC6;1
C17136776;SC6;1
C17050258;SC2;1
C17138782;0;1
C16849070;SC3;1
C16842510;SC2;1
C17131124;SC6;0
C17023564;SC2;1
C17133428;SC6;1
C17121214;SC2;1
C17005114;SC6;1
C17136730;SC2;1
C16813610;SC6;1
C17121590;SC6;1
C17022668;SC2;1
C17024968;SC6;0
C17002330;SC6;0
C17139870;SC6;1
C17019522;SC6;8
C16800426;SC2;8
C17006156;SC6;1
C17111012;SC6;1
C16813338;SC2;1
C17137388;0;1
C17028074;SC2;1
C17000338;SC2;1
C17009590;SC6;1
C16718268;SC2;1
C17136584;SC6;1
C17128200;SC6;1
C16733186;SC3;1
C17127356;SC3;1
C16817554;SC3;1
C16805266;SC2;1
C17130142;SC2;1
C17136740;SC6;1
C16802038;SC2;1
C17139368;SC2;1
C16728636;SC1;1
C17139242;SC6;1
C17113026;SC6;1
C17138954;0;1
C16816292;SC2;1
C17138636;0;1
C17024282;SC6;1
C17134296;SC6;1
C16822446;SC2;1
C17036030;SC2;1
C16805738;SC2;1
C16801394;SC3;1
C17052756;SC6;1
C17137000;SC6;1
C16837818;SC6;1
C17137618;SC6;1
C17045200;SC6;1
C17119220;SC2;1
C17117960;SC3;1
C17012874;SC2;1
C16833426;SC2;1
C17059064;SC2;1
C17129140;SC6;1
C16840256;SC2;1
C17026228;SC3;1
C16805068;SC4;1
C16849298;SC6;1
C17139494;0;1
C17111850;SC2;1
C16811558;SC2;1
C17071044;SC1;1
C17136984;SC6;1
C17114808;SC1;1
C17109916;SC6;1
C16848934;SC6;1
C17135284;SC6;1
C17026660;SC2;1
C17062106;SC2;1
C17026954;SC6;1
C17139100;0;1
C17137020;SC6;1
C17139098;0;1
C16839996;SC6;1
C17128220;SC6;8
C17028406;SC6;1
C16812298;SC2;8
C17139872;SC6;0
C17017986;SC3;8
C17043880;SC6;1
C17139986;0;1
C17139976;0;1
C17131502;SC2;1
C17117678;SC1;1
C17131802;SC6;1
C17002060;SC6;1
C17082662;SC3;1
C17137368;SC6;1
C17002874;SC2;1
C17091144;SC6;1
C17041160;SC3;1
C17121208;SC3;1
C16700334;SC2;1
C16740140;SC6;1
C17013438;SC3;1
C17066908;SC1;1
C17139414;SC3;1
C17068382;SC1;1
C16814820;SC6;1
C16807224;SC2;1
C17044424;SC6;1
C16815864;SC3;1
C16801992;SC3;1
C16827956;SC6;1
C17137334;SC6;1
C16741080;SC2;1
C17003852;SC2;1
C16835676;SC3;1
C17138824;0;1
C16824988;SC2;1
C17092374;SC6;1
C17135600;SC6;1
C17136862;SC6;1
C17130740;SC6;1
C17105874;SC6;1
C16844794;SC2;1
C17106376;SC2;1
C17139730;SC3;1
C17024076;SC3;1
C16745522;SC3;1
C17139164;SC6;1
C17024496;SC2;1
C17092006;SC6;1
C17136430;SC6;1
C17114284;SC2;1
C17017030;SC3;1
C17120832;SC2;1
C17118806;SC6;1
C17137660;SC2;1
C17121414;SC2;1
C17027710;SC2;1
C17046722;SC6;1
C17041586;SC2;1
C17136838;SC6;1
C17138986;SC6;1
C17030642;SC2;1
C17139474;0;1
C17138068;SC6;1
C17137758;SC2;1
C17138818;SC6;1
C16800718;SC2;1
C17111698;SC6;1
C16810058;SC2;1
C16806188;SC3;1
C17138248;0;1
C17139402;SC6;1
C17139560;SC2;1
C17121496;SC2;1
C17124346;SC2;1
C17017174;SC2;1
C17136956;SC6;1
C17107654;SC2;1
C17138468;SC6;1
C17139250;0;1
C17139528;0;1
C17139004;0;1
C17139516;SC2;1
C17137446;SC6;1
C16809908;SC2;1
C17136638;SC6;1
C17138194;0;1
C17025132;SC3;1
C17023256;SC6;1
C16800422;SC2;1
C16842918;SC2;1
C17139956;0;1
C17137080;SC6;1
C17136270;SC6;1
C17051978;SC2;1
C17136080;SC6;1
C17131084;SC6;1
C17139828;0;1
C17134394;SC6;1
C17139786;0;1
C17134688;SC4;1
C16801550;SC2;1
C17138000;SC6;1
C17138770;0;1
C17138412;0;1
C17139522;0;1
C17039798;SC6;1
C17139860;0;1
C17121428;SC6;1
C16826926;SC6;1
C17013428;SC3;1
C16802626;SC6;1
C17138036;0;1
C17138288;0;1
C17138242;SC6;1
C17138850;0;1
C17136958;SC6;1
C17138122;SC6;1
C17139904;0;1
C17136110;SC6;1
C16804326;SC6;1
C17138410;0;1
C17138216;0;1
C17139268;0;1
C17024270;SC6;1
C17139158;0;1
C17139156;0;1
C17138286;0;1
C17138236;0;1
C17016900;SC6;1
C17131134;SC3;1
C17074282;SC3;1
C17138918;0;1
C17133724;SC6;1
C17136542;SC6;1
C17136520;SC6;1
C17136554;SC6;1
C17113270;SC6;1
C17084700;SC6;1
C17137414;SC6;1
C17136658;SC6;8
C16843274;SC2;8
C17120824;SC2;1
C17004720;SC3;1
C17073222;SC3;1
C16832338;SC2;8
C17139290;0;3
C17109402;SC2;1
C17109788;SC6;1
C17131394;SC6;1
C17137720;SC2;8
C17138690;0;1
C17003956;SC6;1
C17136274;SC2;1
C17113606;SC2;1
C16803678;SC2;1
C17137244;SC6;1
C16801736;SC3;1
C16825814;SC3;1
C17133336;SC1;1
C17138878;0;1
C16822490;SC6;1
C17048782;SC2;1
C16833702;SC2;1
C17020242;SC2;1
C16803622;SC2;1
C16818266;SC6;1
C17082148;SC2;1
C17107860;SC6;1
C17010564;SC2;8
C16833360;SC3;8
C17008218;SC2;8
C17112338;SC6;6
C17061506;SC6;7
C17064596;SC3;4
C17009416;SC2;8
C17071924;SC2;9
C17138922;0;8
C17134078;SC2;1
C17136026;SC4;1
C16810684;SC3;1
C16804556;SC2;1
C17111092;SC3;1
C17017846;SC2;1
C17139460;0;1
C17138508;0;1
C17138240;0;1
C16847450;SC6;1
C17137464;SC2;1
C16840172;SC6;1
C17136886;SC6;1
C17139220;0;1
C17139434;0;1
C17018772;SC6;1
C17139958;0;1
C17136258;SC6;1
C17021336;SC2;1
C17138872;0;1
C17139120;SC2;1
C17139312;0;1
C17112170;SC3;1
C17135078;SC6;1
C17134448;SC2;1
C17139606;0;1
C17048968;SC3;1
C17139086;SC6;1
C17138050;SC3;1
C17136920;SC6;1
C17138748;0;1
C17139796;0;1
C17135560;SC6;1
C17052296;SC2;1
C17001072;SC3;1
C17139524;0;1
C17137792;SC6;1
C17026000;SC2;1
C17139200;0;1
C17006040;SC3;1
C17029722;SC1;1
C16821928;SC1;1
C17003260;SC2;1
C17023500;SC3;1
C17121384;SC2;1
C17136564;SC6;1
C17028710;SC6;1
C16840898;SC2;1
C16748402;SC2;1
C17115806;SC6;1
C17138146;SC3;1
C17136830;SC6;1
C17137632;SC6;1
C17129286;SC6;1
C17049378;SC2;1
C17139404;0;1
C17139874;0;1
C17136576;SC6;1
C17136976;SC6;7
C17139944;0;1
C17108998;SC2;1
C17131314;SC6;1
C17138352;SC6;1
C16733958;SC2;1
C17080022;SC6;1
C16823066;SC1;1
C17138434;0;1
C17129068;SC6;1
C16837512;SC2;1
C17137212;SC6;1
C17026538;SC6;1
C17026498;SC6;1
C17052484;SC2;1
C16835466;SC4;1
C17139400;0;1
C16807338;SC2;1
C17137640;SC6;1
C17136420;SC6;1
C17069634;SC3;1
C17124120;SC3;1
C17139376;0;1
C16810680;SC3;1
C17051126;SC3;1
C17138462;0;1
C17136774;SC6;1
C17128204;SC6;1
C16807096;SC2;1
C17138988;0;1
C17079232;SC6;1
C16813836;SC6;1
C17138874;0;1
C17136454;SC6;1
C17059900;SC6;1
C16835552;SC6;1
C17137108;SC6;1
C17103426;SC3;1
C17023192;SC2;1
C17026628;SC2;1
C16808384;SC2;1
C17136592;SC6;1
C17135004;SC6;1
C16846672;SC2;1
C17138016;SC6;1
C17032732;SC6;1
C17136654;SC6;1
C17139818;SC2;1
C17121418;SC3;1
C16811240;SC3;1
C17137680;SC6;1
C17109794;SC6;1
C16803586;SC2;1
C16848020;SC6;1
C17036938;SC6;1
C17082454;SC3;1
C17138172;SC3;1
C17136012;SC3;1
C17111226;SC3;1
C17110076;SC6;1
C17077996;SC3;1
C17136590;SC6;1
C17129854;SC6;1
C17105602;SC1;1
C17029646;SC6;1
C16807004;SC2;1
C17113268;SC3;1
C16801014;SC6;1
C16819526;SC4;1
C17007810;SC6;1
C17138148;SC3;1
C16822402;SC2;1
C17048864;SC3;1
C17137206;SC6;1
C17138568;0;1
C17136206;SC3;1
C17123090;SC6;1
C17139452;0;1
C16840366;SC4;1
C17139646;SC6;1
C17138920;SC2;1
C17047334;SC2;1
C17032590;SC6;1
C17138278;SC6;1
C16803530;SC3;1
C17028312;SC6;1
C17138348;SC2;1
C17138064;SC2;1
C16847874;SC4;1
C17137586;SC2;1
C17138926;0;1
C16813648;SC2;1
C17134342;SC3;1
C16835190;SC2;1
C17137138;SC2;1
C17139224;SC2;1
C17139416;0;1
C17138628;0;1
C17137024;SC6;1
C17137910;0;1
C17029624;SC2;1
C17022850;SC6;1
C17139264;0;1
C17137516;SC2;1
C17138026;SC6;1
C17137814;SC6;1
C17139162;0;1
C17108274;SC6;1
C17136778;SC6;1
C17136490;SC6;1
C17136598;SC6;1
C17012926;SC2;1
C17107284;SC4;1
C17030350;SC3;1
C17128326;SC6;1
C17130830;SC6;1
C17084284;SC6;1
C16847886;SC4;1
C17137830;0;1
C17116170;SC2;1
C16814024;SC2;1
C16831996;SC2;1
C17137606;SC6;1
C17137654;SC6;1
C17135368;SC6;1
C17136848;SC6;1
C17024754;SC2;1
C16847456;SC2;1
C17136882;SC6;1
C17135616;SC3;1
C17041122;SC2;1
C17139110;0;1
C17139768;0;1
C17135756;SC2;1
C17139712;0;1
C16812452;SC2;1
C17139174;SC2;1
C16837600;SC2;1
C17067164;SC6;1
C16848642;SC2;1
C17136064;SC6;1
C16800288;SC6;1
C17138692;SC6;1
C16837040;SC2;1
C17137346;SC6;1
C17135962;SC6;1
C17136796;SC6;1
C17138076;SC2;1
C17138450;0;1
C17128070;SC2;1
C17137912;0;1
C17040698;SC2;1
C17137252;SC6;1
C17137128;SC6;1
C17084902;SC3;1
C17136616;SC6;1
C17139328;0;0
C17138598;0;1
C17026220;SC2;1
C17139816;0;1
C17139512;SC3;1
C17138682;SC2;1
C16742802;SC2;1
C16819918;SC2;1
C17137558;0;1
C17137192;SC6;1
C17132930;SC3;1
C17023584;SC3;1
C17136540;SC6;1
C16838084;SC2;1
C16819342;SC2;1
C16828812;SC6;1
C17137310;SC4;1
C17100600;SC6;1
C16802608;SC6;1
C17136906;SC6;1
C17136954;SC6;1
C17129352;SC2;1
C17133828;SC2;1
C17137486;SC6;1
C17119934;SC2;1
C17139602;0;1
C17005606;SC2;1
C17113684;SC6;1
C17139442;0;1
C16804062;SC6;1
C17061812;SC2;1
C17119230;SC3;1
C17112860;SC3;1
C17034596;SC6;1
C17139248;0;1
C17138936;0;1
C17137648;0;1
C16831222;SC2;1
C17137462;SC6;1
C17136896;SC6;1
C17124206;SC2;1
C17137070;SC6;1
C16807804;SC3;1
C17020248;SC6;1
C17137340;SC4;1
C17002802;SC6;1
C17136586;SC6;1
C17139006;0;1
C16824024;SC4;1
C17138606;0;1
C17138760;0;1
C17137354;SC6;1
C17026134;SC6;1
C17138250;0;1
C17137508;SC3;1
C17026834;SC6;1
C17139176;0;1
C16849624;SC6;1
C16809136;SC3;1
C16839462;SC2;1
C17137578;SC2;1
C17139182;SC2;1
C17138218;0;1
C17138832;SC6;1
C17138608;0;1
C17139946;0;1
C17138390;0;1
C16822830;SC2;1
C17139578;0;1
C16805374;SC2;1
C17131392;SC6;1
C17011846;SC2;1
C17090668;SC6;1
C17138990;0;1
C16847754;SC6;1
C17139912;0;1
C17022986;SC6;1
C17139688;0;1
C17108914;SC6;1
C17138730;SC2;1
C17130406;SC6;1
C17044798;SC2;1
C16809998;SC6;1
C17134610;SC6;1
C17136960;SC6;1
C17136974;SC6;1
C17137286;SC6;1
C17123122;SC6;1
C17138088;SC6;1
C17137484;SC6;1
C17084674;SC6;1
C17139942;0;1
C17090932;SC6;1
C17139510;SC2;1
C17138820;0;1
C17137542;SC6;1
C16813736;SC2;1
C17139928;0;1
C17110442;SC6;1
C17137850;0;1
C17139216;0;1
C17007872;SC6;1
C17137896;SC2;1
C17005304;SC2;1
C17057284;SC1;1
C17135524;SC6;1
C17011786;SC6;1
C17028650;SC2;1
C17136802;SC6;1
C17089132;SC2;1
C17136606;SC6;1
C17139612;0;1
C17131820;SC6;1
C17136936;SC6;1
C17133566;SC2;1
C17137100;SC6;1
C17116160;SC2;1
C17137452;SC6;1
C17139604;0;1
C17139222;0;1
C17139010;0;1
C17108718;SC2;1
C16748508;SC2;1
C17136750;SC6;1
C17136140;SC6;1
C17092440;SC2;1
C17139262;0;1
C17137224;SC6;1
C16828660;SC6;1
C17139974;0;1
C17115264;SC2;1
C16806864;SC2;1
C17139316;0;1
C17138162;SC6;1
C17138810;0;1
C16810976;SC2;1
C17009082;SC6;1
C17013492;SC6;1
C17137112;SC6;1
C17139184;0;1
C17026482;SC6;1
C17138772;0;1
C17114570;SC2;1
C17086128;SC2;1
C17109756;SC2;1
C16803672;SC2;1
C17139258;0;1
C17138634;0;1
C17138516;0;1
C16744120;SC3;1
C17139438;0;1
C17136636;SC6;1
C17139458;0;1
C17138858;SC2;1
C17131994;SC6;1
C17125464;SC2;1
C17088732;SC2;1
C16809716;SC6;1
C17137172;SC6;1
C17086786;SC6;1
C17139534;0;1
C17137588;SC2;1
C16809220;SC2;1
C17134388;SC2;1
C17136696;SC6;1
C17026958;SC3;1
C17135142;SC6;1
C17139814;0;1
C17019490;SC2;1
C16805436;SC6;1
C17105888;SC6;1
C17135536;SC6;1
C17133276;SC3;1
C17137458;SC6;1
C17137348;SC2;1
C17113232;SC2;1
C17105056;SC6;1
C17130852;SC2;1
C16832776;SC3;1
C17028394;SC6;1
C17121620;SC6;1
C16838608;SC2;1
C17137432;SC6;1
C17137756;SC6;1
C17136674;SC6;1
C17119242;SC6;1
C17138028;0;1
C17139854;0;1
C17100742;SC6;1
C17137032;SC6;1
C17024102;SC2;1
C17115116;SC3;1
C17132688;SC2;1
C16806744;SC2;1
C17066280;SC2;1
C17135728;SC6;1
C17072894;SC2;1
C17135220;SC6;1
C17020300;SC2;1
C16838144;SC3;1
C17138566;0;1
C17139298;0;1
C16823606;SC2;1
C17030420;SC2;1
C17138408;0;1
C17071026;SC6;1
C17139694;0;1
C17139898;0;1
C17125236;SC6;1
C16822998;SC6;1
C17001926;SC2;1
C16827624;SC2;1
C17139082;0;1
C16747448;SC3;1
C17010746;SC2;1
C17137598;SC6;1
C16839414;SC2;1
C17139648;0;1
C17137022;SC6;1
C17101736;SC3;1
C17137744;SC6;1
C16727430;SC2;1
C16827260;SC2;1
C16835256;SC2;1
C17139190;SC3;1
C17138224;0;1
C17139084;SC2;1
C16814694;SC2;1
C17110936;SC3;1
C17138656;0;1
C17028416;SC3;1
C17138314;0;1
C17080002;SC1;1
C17136634;SC3;1
C17093064;SC2;1
C17043314;SC2;1
C16806324;SC3;1
C17137356;SC2;1
C17045646;SC1;1
C17063422;SC2;1
C16822106;SC6;1
C16829374;SC2;1
C17121766;SC4;1
C17004260;SC6;1
C16740738;SC6;1
C17136326;SC6;1
C17137222;SC6;1
C16824614;SC2;1
C17125188;SC2;1
C17137140;SC6;1
C17139106;0;1
C16812934;SC2;1
C17132424;SC6;1
C17133786;SC6;1
C17136966;SC6;1
C17131280;SC6;1
C17029002;SC2;1
C17139662;0;1
C17128234;SC6;1
C17036434;SC4;1
C16840280;SC2;1
C17103192;SC3;1
C17136932;SC6;1
C17139444;0;1
C16825444;SC2;1
C17136742;SC6;1
C16811556;SC3;1
C17137300;SC3;1
C17123548;SC6;1
C17139486;SC3;1
C16830384;SC2;1
C17136208;SC6;1
C17124162;SC6;1
C17137626;SC6;1
C17138488;0;1
C17063660;SC6;1
C17136872;SC6;1
C17137804;0;1
C17024500;SC6;1
C17109066;SC6;1
C17027300;SC6;1
C17137880;SC6;1
C17025844;SC6;1
C16843758;SC2;1
C17138512;0;1
C17138678;0;1
C17107576;SC6;1
C16837376;SC2;1
C16807104;SC2;1
C17117512;SC2;1
C16830454;SC6;1
C17136836;SC6;1
C17118288;SC2;1
C16832814;SC3;1
C17137254;SC6;1
C17138454;0;1
C17139758;0;1
C17135960;SC6;1
C17138342;0;1
C16848868;SC6;1
C16810286;SC2;1
C17134176;SC6;1
C17138360;SC6;1
C17130392;SC2;1
C17139738;0;1
C17138164;0;1
C17130976;SC6;1
C17129550;SC6;1
C17139692;0;1
C17133738;SC6;1
C17137160;SC6;1
C17138482;0;1
C17139856;0;1
C17139960;0;1
C17139584;0;1
C17139080;SC6;1
C17138726;0;1
C17136972;SC6;1
C17138906;0;1
C17139466;0;1
C17031172;SC2;1
C16817062;SC6;1
C17006008;SC6;1
C17137238;SC6;1
C17003500;SC2;1
C17124916;SC3;1
C17137608;SC6;1
C17139902;SC6;1
C17090206;SC6;1
C17111184;SC6;1
C17137412;SC6;1
C17136434;SC6;1
C17139142;0;1
C17139850;0;1
C17086232;SC6;1
C17136856;SC6;1
C17105826;SC2;1
C17137344;SC6;8
C16821870;SC2;1
C17118396;SC3;1
C16830906;SC6;1
C16743318;SC6;1
C17138072;0;1
C17139748;0;1
C16839808;SC2;1
C17127508;SC6;1
C17138812;0;1
C17139650;0;1
C17138776;SC2;1
C16837878;SC2;1
C17139148;0;1
C16816310;SC3;1
C17123552;SC6;1
C17139456;0;1
C17136928;SC6;1
C17124088;SC2;1
C17025776;SC3;1
C17137750;SC6;1
C17025110;SC6;1
C17119206;SC6;1
C17138882;0;1
C17092422;SC3;1
C17132220;SC2;1
C17138152;SC6;1
C17014710;SC3;1
C16818900;SC6;1
C17087992;SC6;1
C17137938;SC6;1
C17044960;SC6;1
C17139896;0;1
C17121864;SC6;1
C17139296;0;1
C17139180;0;1
C17125096;SC3;1
C16839594;SC6;1
C16810658;SC3;1
C17136950;SC6;1
C17138044;SC6;1
C17137378;SC6;1
C17106140;SC2;1
C17038434;SC2;1
C16804170;SC6;1
C16823364;SC6;1
C16806078;SC3;1
C17137776;SC2;1
C17137102;SC6;1
C17136980;SC6;1
C17078078;SC6;1
C16846494;SC6;1
C17092994;SC2;1
C17138894;SC2;1
C17139000;0;1
C17139102;0;1
C17139278;0;1
C17136306;SC4;1
C17139432;0;1
C17137784;SC6;1
C17137216;SC6;1
C17028056;SC3;1
C17130482;SC6;1
C16817838;SC2;1
C17137408;SC6;1
C17138188;0;1
C17139306;SC6;1
C17139756;0;1
C17139576;0;1
C17024978;SC2;1
C17137426;SC6;1
C17137926;SC6;1
C16837182;SC2;1
C17137196;SC6;1
C17138228;0;1
C17131374;SC4;1
C17109958;SC6;1
C17137838;0;1
C17139366;0;1
C17068380;SC6;1
C17138956;0;1
C17024466;SC6;1
C17139480;0;1
C17137622;SC6;1
C17137046;SC6;1
C17124846;SC4;1
C17139236;0;1
C17137390;SC3;1
C17138312;0;1
C17138310;0;1
C16816580;SC3;1
C17139326;0;1
C16829618;SC2;1
C17136738;SC6;1
C17106738;SC6;1
C16833556;SC3;1
C17138074;0;1
C17023750;SC2;1
C17138752;SC3;1
C17137074;SC6;1
C17138578;0;1
C17137460;SC6;1
C16817146;SC2;1
C17138196;0;1
C17099096;SC2;1
C17137480;SC6;1
C17138178;0;1
C17137986;SC6;1
C17137284;SC2;1
C17139546;0;1
C17138846;0;1
C17136034;SC6;1
C17137144;SC6;1
C17000370;SC2;1
C17139532;0;1
C17137498;SC6;1
C17139196;0;1
C16806362;SC6;1
C17137628;SC6;1
C17138058;0;1
C17139116;0;1
C17138938;0;1
C17138670;SC6;1
C17138466;0;1
C17138416;0;1
C17061152;SC2;1
C17029090;SC6;1
C17114522;SC6;1
C16812090;SC6;1
C17137352;SC6;1
C17138666;0;1
C17139660;0;1
C16838040;SC2;1
C17118322;SC6;1
C17139926;0;1
C17139984;0;1
C17139230;0;1
C17009486;SC3;1
C17138402;0;1
C16840184;SC6;1
C17062294;SC6;1
C17035964;SC6;1
C16801908;SC1;1
C17091226;SC2;1
C17138618;0;1
C17137404;SC6;1
C17129826;SC6;1
C16803368;SC6;1
C17136644;SC6;1
C17125544;SC6;1
C17024182;SC6;1
C17136424;SC6;1
C17117300;SC6;1
C17136526;SC2;1
C17138884;0;1
C17137812;SC6;1
C17138356;0;1
C16804738;SC2;1
C17138014;0;1
C17130048;SC6;1
C17134754;SC6;1
C17138696;0;1
C17121926;SC3;1
C16849382;SC3;1
C17137416;0;1
C17139210;0;1
C17138324;0;1
C16843886;SC6;1
C17136250;SC6;1
C17138238;0;1
C16802832;SC2;1
C17139610;0;1
C17137198;SC6;1
C17117456;SC6;1
C17138270;SC2;1
C17137884;SC6;1
C17124426;SC3;1
C16848840;SC2;1
C16829504;SC2;1
C16845136;SC2;1
C16806854;SC2;1
C17139026;0;1
C16813800;SC2;1
C17137810;SC6;1
C17139170;0;1
C16810878;SC6;1
C17137492;SC2;1
C17045090;SC6;1
C17025392;SC2;1
C17137052;SC6;1
C17108004;SC2;1
C17045094;SC2;1
C17137790;SC6;1
C17138220;SC6;1
C17139138;0;1
C17004374;SC6;1
C17135148;SC6;1
C17139380;0;1
C17137402;SC6;1
C16846080;SC6;1
C17138414;0;1
C17071022;SC2;1
C17139334;0;1
C17136762;SC6;1
C16849758;SC3;1
C17139930;0;1
C17127144;SC1;1
C17136880;SC6;1
C17139412;0;1
C16814430;SC3;1
C17138214;0;1
C16809190;SC3;1
C17136804;SC6;1
C17139118;0;1
C17049168;SC6;1
C17105480;SC6;1
C17139292;0;1
C17138890;0;1
C17139360;0;1
C17138546;0;1
C17023278;SC2;1
C17137038;SC6;1
C17137714;SC2;1
C17138586;0;1
C17075808;SC2;1
C17136690;SC6;1
C17139708;0;1
C16813618;SC6;1
C17022138;SC2;1
C17137908;SC6;1
C17022654;SC6;1
C17037594;SC6;1
C17137832;SC6;1
C17139716;0;1
C17134228;SC3;1
C17137210;SC6;1
C17139614;0;1
C16817942;SC2;1
C17136766;SC6;1
C17136594;SC6;1
C17137500;SC6;1
C17138018;0;1
C17138732;0;1
C17139440;0;1
C17118338;SC6;1
C17068710;SC2;1
C17139932;0;1
C17137780;SC6;1
C17100452;SC6;1
C16800714;SC6;1
C17108864;SC6;1
C17127954;SC2;1
C17061238;SC2;1
C17022738;SC2;1
C17138784;0;1
C17139482;0;1
C17139520;0;1
C17121248;SC2;1
C17137040;SC6;1
C17139812;SC6;1

